topicId,rank,docId,filename
1,1,158,null-source
1,2,165,null-source
1,3,120,null-source
1,4,67,null-source
1,5,84,null-source
1,6,69,null-source
1,7,136,null-source
1,8,81,null-source
1,9,111,null-source
1,10,101,null-source
1,11,65,null-source
1,12,250,null-source
1,13,143,null-source
1,14,20,null-source
1,15,320,null-source
1,16,246,null-source
1,17,121,null-source
1,18,166,null-source
1,19,153,null-source
1,20,251,null-source
1,21,110,null-source
1,22,159,null-source
1,23,82,null-source
1,24,318,null-source
1,25,152,null-source
1,26,242,null-source
1,27,70,null-source
1,28,155,null-source
1,29,150,null-source
1,30,109,null-source
1,31,79,null-source
1,32,197,null-source
1,33,164,null-source
1,34,27,null-source
1,35,247,null-source
1,36,194,null-source
1,37,100,null-source
1,38,68,null-source
1,39,66,null-source
1,40,17,null-source
1,41,157,null-source
1,42,156,null-source
1,43,112,null-source
1,44,93,null-source
1,45,91,null-source
1,46,319,null-source
1,47,249,null-source
1,48,252,null-source
1,49,248,null-source
1,50,243,null-source
1,51,236,null-source
1,52,167,null-source
1,53,122,null-source
1,54,107,null-source
1,55,83,null-source
1,56,80,null-source
1,57,75,null-source
1,58,60,null-source
1,59,28,null-source
1,60,18,null-source
1,61,330,null-source
1,62,328,null-source
1,63,316,null-source
1,64,277,null-source
1,65,240,null-source
1,66,231,null-source
1,67,160,null-source
1,68,71,null-source
1,69,311,null-source
1,70,292,null-source
1,71,266,null-source
1,72,254,null-source
1,73,227,null-source
1,74,215,null-source
1,75,211,null-source
1,76,170,null-source
1,77,135,null-source
1,78,119,null-source
1,79,103,null-source
1,80,78,null-source
1,81,77,null-source
1,82,47,null-source
1,83,325,null-source
1,84,321,null-source
1,85,280,null-source
1,86,278,null-source
1,87,270,null-source
1,88,226,null-source
1,89,205,null-source
1,90,113,null-source
1,91,102,null-source
1,92,76,null-source
1,93,72,null-source
1,94,57,null-source
1,95,24,null-source
1,96,23,null-source
1,97,16,null-source
1,98,15,null-source
1,99,313,null-source
1,100,308,null-source
1,101,305,null-source
1,102,288,null-source
1,103,287,null-source
1,104,285,null-source
1,105,274,null-source
1,106,268,null-source
1,107,238,null-source
1,108,234,null-source
1,109,221,null-source
1,110,213,null-source
1,111,208,null-source
1,112,184,null-source
1,113,183,null-source
1,114,174,null-source
1,115,151,null-source
1,116,146,null-source
1,117,137,null-source
1,118,95,null-source
1,119,90,null-source
1,120,58,null-source
1,121,56,null-source
1,122,32,null-source
1,123,19,null-source
1,124,326,null-source
1,125,324,null-source
1,126,312,null-source
1,127,297,null-source
1,128,296,null-source
1,129,293,null-source
1,130,289,null-source
1,131,281,null-source
1,132,267,null-source
1,133,245,null-source
1,134,244,null-source
1,135,235,null-source
1,136,232,null-source
1,137,228,null-source
1,138,224,null-source
1,139,222,null-source
1,140,220,null-source
1,141,214,null-source
1,142,212,null-source
1,143,206,null-source
1,144,204,null-source
1,145,199,null-source
1,146,198,null-source
1,147,190,null-source
1,148,188,null-source
1,149,187,null-source
1,150,179,null-source
1,151,176,null-source
1,152,175,null-source
1,153,162,null-source
1,154,145,null-source
1,155,144,null-source
1,156,131,null-source
1,157,104,null-source
1,158,98,null-source
1,159,88,null-source
1,160,74,null-source
1,161,63,null-source
1,162,62,null-source
1,163,61,null-source
1,164,52,null-source
1,165,38,null-source
1,166,37,null-source
1,167,34,null-source
1,168,31,null-source
1,169,30,null-source
1,170,26,null-source
1,171,22,null-source
1,172,21,null-source
1,173,11,null-source
1,174,329,null-source
1,175,327,null-source
1,176,323,null-source
1,177,322,null-source
1,178,317,null-source
1,179,315,null-source
1,180,310,null-source
1,181,309,null-source
1,182,301,null-source
1,183,300,null-source
1,184,282,null-source
1,185,271,null-source
1,186,269,null-source
1,187,264,null-source
1,188,253,null-source
1,189,233,null-source
1,190,225,null-source
1,191,223,null-source
1,192,219,null-source
1,193,218,null-source
1,194,210,null-source
1,195,209,null-source
1,196,207,null-source
1,197,201,null-source
1,198,200,null-source
1,199,191,null-source
1,200,189,null-source
1,201,186,null-source
1,202,185,null-source
1,203,182,null-source
1,204,181,null-source
1,205,180,null-source
1,206,161,null-source
1,207,141,null-source
1,208,138,null-source
1,209,132,null-source
1,210,130,null-source
1,211,128,null-source
1,212,127,null-source
1,213,118,null-source
1,214,117,null-source
1,215,116,null-source
1,216,115,null-source
1,217,114,null-source
1,218,108,null-source
1,219,106,null-source
1,220,105,null-source
1,221,94,null-source
1,222,89,null-source
1,223,73,null-source
1,224,64,null-source
1,225,49,null-source
1,226,46,null-source
1,227,35,null-source
1,228,33,null-source
1,229,25,null-source
1,230,14,null-source
1,231,8,null-source
1,232,7,null-source
1,233,3,null-source
1,234,2,null-source
1,235,362,null-source
1,236,361,null-source
1,237,360,null-source
1,238,359,null-source
1,239,358,null-source
1,240,357,null-source
1,241,356,null-source
1,242,355,null-source
1,243,354,null-source
1,244,353,null-source
1,245,352,null-source
1,246,351,null-source
1,247,350,null-source
1,248,349,null-source
1,249,348,null-source
1,250,347,null-source
1,251,346,null-source
1,252,345,null-source
1,253,344,null-source
1,254,343,null-source
1,255,342,null-source
1,256,341,null-source
1,257,340,null-source
1,258,339,null-source
1,259,338,null-source
1,260,337,null-source
1,261,336,null-source
1,262,335,null-source
1,263,334,null-source
1,264,333,null-source
1,265,332,null-source
1,266,331,null-source
1,267,314,null-source
1,268,307,null-source
1,269,306,null-source
1,270,304,null-source
1,271,303,null-source
1,272,302,null-source
1,273,299,null-source
1,274,298,null-source
1,275,295,null-source
1,276,294,null-source
1,277,291,null-source
1,278,290,null-source
1,279,286,null-source
1,280,284,null-source
1,281,283,null-source
1,282,279,null-source
1,283,276,null-source
1,284,275,null-source
1,285,273,null-source
1,286,272,null-source
1,287,265,null-source
1,288,263,null-source
1,289,262,null-source
1,290,261,null-source
1,291,260,null-source
1,292,259,null-source
1,293,258,null-source
1,294,257,null-source
1,295,256,null-source
1,296,255,null-source
1,297,241,null-source
1,298,239,null-source
1,299,237,null-source
1,300,230,null-source
1,301,229,null-source
1,302,217,null-source
1,303,216,null-source
1,304,203,null-source
1,305,202,null-source
1,306,196,null-source
1,307,195,null-source
1,308,193,null-source
1,309,192,null-source
1,310,178,null-source
1,311,177,null-source
1,312,173,null-source
1,313,172,null-source
1,314,171,null-source
1,315,169,null-source
1,316,168,null-source
1,317,163,null-source
1,318,154,null-source
1,319,149,null-source
1,320,148,null-source
1,321,147,null-source
1,322,142,null-source
1,323,140,null-source
1,324,139,null-source
1,325,134,null-source
1,326,133,null-source
1,327,129,null-source
1,328,126,null-source
1,329,125,null-source
1,330,124,null-source
1,331,123,null-source
1,332,99,null-source
1,333,97,null-source
1,334,96,null-source
1,335,92,null-source
1,336,87,null-source
1,337,86,null-source
1,338,85,null-source
1,339,59,null-source
1,340,55,null-source
1,341,54,null-source
1,342,53,null-source
1,343,51,null-source
1,344,50,null-source
1,345,48,null-source
1,346,45,null-source
1,347,44,null-source
1,348,43,null-source
1,349,42,null-source
1,350,41,null-source
1,351,40,null-source
1,352,39,null-source
1,353,36,null-source
1,354,29,null-source
1,355,13,null-source
1,356,12,null-source
1,357,10,null-source
1,358,9,null-source
1,359,6,null-source
1,360,5,null-source
1,361,4,null-source
1,362,1,null-source
2,1,89,null-source
2,2,75,null-source
2,3,114,null-source
2,4,115,null-source
2,5,90,null-source
2,6,76,null-source
2,7,117,null-source
2,8,116,null-source
2,9,74,null-source
2,10,321,null-source
2,11,95,null-source
2,12,73,null-source
2,13,7,null-source
2,14,113,null-source
2,15,60,null-source
2,16,91,null-source
2,17,27,null-source
2,18,313,null-source
2,19,312,null-source
2,20,19,null-source
2,21,215,null-source
2,22,213,null-source
2,23,137,null-source
2,24,309,null-source
2,25,271,null-source
2,26,270,null-source
2,27,289,null-source
2,28,98,null-source
2,29,70,null-source
2,30,92,null-source
2,31,293,null-source
2,32,274,null-source
2,33,162,null-source
2,34,112,null-source
2,35,48,null-source
2,36,305,null-source
2,37,282,null-source
2,38,228,null-source
2,39,221,null-source
2,40,206,null-source
2,41,159,null-source
2,42,142,null-source
2,43,139,null-source
2,44,100,null-source
2,45,88,null-source
2,46,78,null-source
2,47,55,null-source
2,48,326,null-source
2,49,300,null-source
2,50,247,null-source
2,51,241,null-source
2,52,225,null-source
2,53,204,null-source
2,54,175,null-source
2,55,166,null-source
2,56,151,null-source
2,57,99,null-source
2,58,79,null-source
2,59,63,null-source
2,60,50,null-source
2,61,29,null-source
2,62,21,null-source
2,63,10,null-source
2,64,4,null-source
2,65,318,null-source
2,66,292,null-source
2,67,287,null-source
2,68,277,null-source
2,69,253,null-source
2,70,246,null-source
2,71,207,null-source
2,72,205,null-source
2,73,180,null-source
2,74,158,null-source
2,75,154,null-source
2,76,149,null-source
2,77,118,null-source
2,78,109,null-source
2,79,84,null-source
2,80,82,null-source
2,81,69,null-source
2,82,64,null-source
2,83,62,null-source
2,84,25,null-source
2,85,22,null-source
2,86,16,null-source
2,87,13,null-source
2,88,327,null-source
2,89,323,null-source
2,90,322,null-source
2,91,288,null-source
2,92,286,null-source
2,93,281,null-source
2,94,276,null-source
2,95,268,null-source
2,96,266,null-source
2,97,243,null-source
2,98,236,null-source
2,99,210,null-source
2,100,198,null-source
2,101,191,null-source
2,102,186,null-source
2,103,165,null-source
2,104,153,null-source
2,105,147,null-source
2,106,145,null-source
2,107,143,null-source
2,108,121,null-source
2,109,105,null-source
2,110,104,null-source
2,111,103,null-source
2,112,65,null-source
2,113,61,null-source
2,114,53,null-source
2,115,32,null-source
2,116,26,null-source
2,117,24,null-source
2,118,14,null-source
2,119,3,null-source
2,120,2,null-source
2,121,330,null-source
2,122,329,null-source
2,123,308,null-source
2,124,307,null-source
2,125,302,null-source
2,126,295,null-source
2,127,291,null-source
2,128,273,null-source
2,129,267,null-source
2,130,255,null-source
2,131,254,null-source
2,132,251,null-source
2,133,250,null-source
2,134,238,null-source
2,135,230,null-source
2,136,222,null-source
2,137,220,null-source
2,138,219,null-source
2,139,214,null-source
2,140,212,null-source
2,141,209,null-source
2,142,193,null-source
2,143,187,null-source
2,144,178,null-source
2,145,174,null-source
2,146,169,null-source
2,147,161,null-source
2,148,156,null-source
2,149,144,null-source
2,150,135,null-source
2,151,125,null-source
2,152,120,null-source
2,153,119,null-source
2,154,111,null-source
2,155,108,null-source
2,156,107,null-source
2,157,101,null-source
2,158,81,null-source
2,159,68,null-source
2,160,66,null-source
2,161,54,null-source
2,162,41,null-source
2,163,40,null-source
2,164,23,null-source
2,165,17,null-source
2,166,15,null-source
2,167,6,null-source
2,168,324,null-source
2,169,317,null-source
2,170,316,null-source
2,171,315,null-source
2,172,314,null-source
2,173,311,null-source
2,174,310,null-source
2,175,299,null-source
2,176,298,null-source
2,177,284,null-source
2,178,264,null-source
2,179,263,null-source
2,180,262,null-source
2,181,248,null-source
2,182,244,null-source
2,183,242,null-source
2,184,240,null-source
2,185,239,null-source
2,186,234,null-source
2,187,232,null-source
2,188,231,null-source
2,189,227,null-source
2,190,226,null-source
2,191,224,null-source
2,192,223,null-source
2,193,218,null-source
2,194,211,null-source
2,195,208,null-source
2,196,203,null-source
2,197,202,null-source
2,198,200,null-source
2,199,197,null-source
2,200,194,null-source
2,201,192,null-source
2,202,183,null-source
2,203,182,null-source
2,204,179,null-source
2,205,173,null-source
2,206,172,null-source
2,207,170,null-source
2,208,164,null-source
2,209,157,null-source
2,210,152,null-source
2,211,150,null-source
2,212,141,null-source
2,213,138,null-source
2,214,136,null-source
2,215,132,null-source
2,216,131,null-source
2,217,129,null-source
2,218,123,null-source
2,219,110,null-source
2,220,94,null-source
2,221,93,null-source
2,222,87,null-source
2,223,85,null-source
2,224,77,null-source
2,225,72,null-source
2,226,59,null-source
2,227,58,null-source
2,228,51,null-source
2,229,49,null-source
2,230,46,null-source
2,231,45,null-source
2,232,43,null-source
2,233,37,null-source
2,234,36,null-source
2,235,34,null-source
2,236,33,null-source
2,237,31,null-source
2,238,30,null-source
2,239,20,null-source
2,240,362,null-source
2,241,361,null-source
2,242,360,null-source
2,243,359,null-source
2,244,358,null-source
2,245,357,null-source
2,246,356,null-source
2,247,355,null-source
2,248,354,null-source
2,249,353,null-source
2,250,352,null-source
2,251,351,null-source
2,252,350,null-source
2,253,349,null-source
2,254,348,null-source
2,255,347,null-source
2,256,346,null-source
2,257,345,null-source
2,258,344,null-source
2,259,343,null-source
2,260,342,null-source
2,261,341,null-source
2,262,340,null-source
2,263,339,null-source
2,264,338,null-source
2,265,337,null-source
2,266,336,null-source
2,267,335,null-source
2,268,334,null-source
2,269,333,null-source
2,270,332,null-source
2,271,331,null-source
2,272,328,null-source
2,273,325,null-source
2,274,320,null-source
2,275,319,null-source
2,276,306,null-source
2,277,304,null-source
2,278,303,null-source
2,279,301,null-source
2,280,297,null-source
2,281,296,null-source
2,282,294,null-source
2,283,290,null-source
2,284,285,null-source
2,285,283,null-source
2,286,280,null-source
2,287,279,null-source
2,288,278,null-source
2,289,275,null-source
2,290,272,null-source
2,291,269,null-source
2,292,265,null-source
2,293,261,null-source
2,294,260,null-source
2,295,259,null-source
2,296,258,null-source
2,297,257,null-source
2,298,256,null-source
2,299,252,null-source
2,300,249,null-source
2,301,245,null-source
2,302,237,null-source
2,303,235,null-source
2,304,233,null-source
2,305,229,null-source
2,306,217,null-source
2,307,216,null-source
2,308,201,null-source
2,309,199,null-source
2,310,196,null-source
2,311,195,null-source
2,312,190,null-source
2,313,189,null-source
2,314,188,null-source
2,315,185,null-source
2,316,184,null-source
2,317,181,null-source
2,318,177,null-source
2,319,176,null-source
2,320,171,null-source
2,321,168,null-source
2,322,167,null-source
2,323,163,null-source
2,324,160,null-source
2,325,155,null-source
2,326,148,null-source
2,327,146,null-source
2,328,140,null-source
2,329,134,null-source
2,330,133,null-source
2,331,130,null-source
2,332,128,null-source
2,333,127,null-source
2,334,126,null-source
2,335,124,null-source
2,336,122,null-source
2,337,106,null-source
2,338,102,null-source
2,339,97,null-source
2,340,96,null-source
2,341,86,null-source
2,342,83,null-source
2,343,80,null-source
2,344,71,null-source
2,345,67,null-source
2,346,57,null-source
2,347,56,null-source
2,348,52,null-source
2,349,47,null-source
2,350,44,null-source
2,351,42,null-source
2,352,39,null-source
2,353,38,null-source
2,354,35,null-source
2,355,28,null-source
2,356,18,null-source
2,357,12,null-source
2,358,11,null-source
2,359,9,null-source
2,360,8,null-source
2,361,5,null-source
2,362,1,null-source
3,1,292,null-source
3,2,316,null-source
3,3,270,null-source
3,4,281,null-source
3,5,287,null-source
3,6,23,null-source
3,7,209,null-source
3,8,106,null-source
3,9,187,null-source
3,10,320,null-source
3,11,232,null-source
3,12,108,null-source
3,13,305,null-source
3,14,293,null-source
3,15,137,null-source
3,16,288,null-source
3,17,188,null-source
3,18,119,null-source
3,19,214,null-source
3,20,153,null-source
3,21,144,null-source
3,22,81,null-source
3,23,38,null-source
3,24,20,null-source
3,25,16,null-source
3,26,312,null-source
3,27,168,null-source
3,28,152,null-source
3,29,118,null-source
3,30,112,null-source
3,31,103,null-source
3,32,61,null-source
3,33,2,null-source
3,34,271,null-source
3,35,223,null-source
3,36,218,null-source
3,37,173,null-source
3,38,330,null-source
3,39,280,null-source
3,40,274,null-source
3,41,242,null-source
3,42,236,null-source
3,43,210,null-source
3,44,110,null-source
3,45,79,null-source
3,46,19,null-source
3,47,325,null-source
3,48,285,null-source
3,49,278,null-source
3,50,277,null-source
3,51,205,null-source
3,52,176,null-source
3,53,145,null-source
3,54,67,null-source
3,55,32,null-source
3,56,31,null-source
3,57,7,null-source
3,58,289,null-source
3,59,282,null-source
3,60,164,null-source
3,61,163,null-source
3,62,155,null-source
3,63,149,null-source
3,64,146,null-source
3,65,111,null-source
3,66,69,null-source
3,67,25,null-source
3,68,323,null-source
3,69,310,null-source
3,70,309,null-source
3,71,300,null-source
3,72,286,null-source
3,73,254,null-source
3,74,245,null-source
3,75,235,null-source
3,76,224,null-source
3,77,220,null-source
3,78,206,null-source
3,79,190,null-source
3,80,157,null-source
3,81,138,null-source
3,82,109,null-source
3,83,105,null-source
3,84,88,null-source
3,85,77,null-source
3,86,65,null-source
3,87,64,null-source
3,88,58,null-source
3,89,54,null-source
3,90,53,null-source
3,91,52,null-source
3,92,51,null-source
3,93,48,null-source
3,94,30,null-source
3,95,322,null-source
3,96,321,null-source
3,97,318,null-source
3,98,315,null-source
3,99,313,null-source
3,100,279,null-source
3,101,249,null-source
3,102,247,null-source
3,103,246,null-source
3,104,241,null-source
3,105,234,null-source
3,106,212,null-source
3,107,204,null-source
3,108,186,null-source
3,109,177,null-source
3,110,174,null-source
3,111,169,null-source
3,112,151,null-source
3,113,143,null-source
3,114,139,null-source
3,115,136,null-source
3,116,135,null-source
3,117,101,null-source
3,118,100,null-source
3,119,99,null-source
3,120,92,null-source
3,121,89,null-source
3,122,85,null-source
3,123,78,null-source
3,124,74,null-source
3,125,63,null-source
3,126,56,null-source
3,127,49,null-source
3,128,35,null-source
3,129,33,null-source
3,130,29,null-source
3,131,21,null-source
3,132,17,null-source
3,133,328,null-source
3,134,327,null-source
3,135,326,null-source
3,136,324,null-source
3,137,308,null-source
3,138,257,null-source
3,139,251,null-source
3,140,244,null-source
3,141,233,null-source
3,142,231,null-source
3,143,228,null-source
3,144,227,null-source
3,145,226,null-source
3,146,222,null-source
3,147,211,null-source
3,148,208,null-source
3,149,207,null-source
3,150,202,null-source
3,151,201,null-source
3,152,200,null-source
3,153,198,null-source
3,154,183,null-source
3,155,182,null-source
3,156,179,null-source
3,157,178,null-source
3,158,162,null-source
3,159,159,null-source
3,160,158,null-source
3,161,126,null-source
3,162,115,null-source
3,163,113,null-source
3,164,107,null-source
3,165,90,null-source
3,166,84,null-source
3,167,75,null-source
3,168,62,null-source
3,169,60,null-source
3,170,59,null-source
3,171,57,null-source
3,172,55,null-source
3,173,47,null-source
3,174,44,null-source
3,175,42,null-source
3,176,37,null-source
3,177,8,null-source
3,178,3,null-source
3,179,329,null-source
3,180,317,null-source
3,181,314,null-source
3,182,311,null-source
3,183,307,null-source
3,184,298,null-source
3,185,296,null-source
3,186,284,null-source
3,187,266,null-source
3,188,262,null-source
3,189,260,null-source
3,190,258,null-source
3,191,256,null-source
3,192,255,null-source
3,193,252,null-source
3,194,250,null-source
3,195,243,null-source
3,196,240,null-source
3,197,239,null-source
3,198,237,null-source
3,199,230,null-source
3,200,221,null-source
3,201,219,null-source
3,202,213,null-source
3,203,203,null-source
3,204,197,null-source
3,205,192,null-source
3,206,189,null-source
3,207,165,null-source
3,208,161,null-source
3,209,160,null-source
3,210,156,null-source
3,211,142,null-source
3,212,133,null-source
3,213,127,null-source
3,214,122,null-source
3,215,116,null-source
3,216,114,null-source
3,217,104,null-source
3,218,102,null-source
3,219,97,null-source
3,220,91,null-source
3,221,87,null-source
3,222,86,null-source
3,223,83,null-source
3,224,82,null-source
3,225,80,null-source
3,226,76,null-source
3,227,71,null-source
3,228,70,null-source
3,229,68,null-source
3,230,66,null-source
3,231,46,null-source
3,232,43,null-source
3,233,39,null-source
3,234,26,null-source
3,235,24,null-source
3,236,18,null-source
3,237,14,null-source
3,238,13,null-source
3,239,9,null-source
3,240,6,null-source
3,241,5,null-source
3,242,4,null-source
3,243,362,null-source
3,244,361,null-source
3,245,360,null-source
3,246,359,null-source
3,247,358,null-source
3,248,357,null-source
3,249,356,null-source
3,250,355,null-source
3,251,354,null-source
3,252,353,null-source
3,253,352,null-source
3,254,351,null-source
3,255,350,null-source
3,256,349,null-source
3,257,348,null-source
3,258,347,null-source
3,259,346,null-source
3,260,345,null-source
3,261,344,null-source
3,262,343,null-source
3,263,342,null-source
3,264,341,null-source
3,265,340,null-source
3,266,339,null-source
3,267,338,null-source
3,268,337,null-source
3,269,336,null-source
3,270,335,null-source
3,271,334,null-source
3,272,333,null-source
3,273,332,null-source
3,274,331,null-source
3,275,319,null-source
3,276,306,null-source
3,277,304,null-source
3,278,303,null-source
3,279,302,null-source
3,280,301,null-source
3,281,299,null-source
3,282,297,null-source
3,283,295,null-source
3,284,294,null-source
3,285,291,null-source
3,286,290,null-source
3,287,283,null-source
3,288,276,null-source
3,289,275,null-source
3,290,273,null-source
3,291,272,null-source
3,292,269,null-source
3,293,268,null-source
3,294,267,null-source
3,295,265,null-source
3,296,264,null-source
3,297,263,null-source
3,298,261,null-source
3,299,259,null-source
3,300,253,null-source
3,301,248,null-source
3,302,238,null-source
3,303,229,null-source
3,304,225,null-source
3,305,217,null-source
3,306,216,null-source
3,307,215,null-source
3,308,199,null-source
3,309,196,null-source
3,310,195,null-source
3,311,194,null-source
3,312,193,null-source
3,313,191,null-source
3,314,185,null-source
3,315,184,null-source
3,316,181,null-source
3,317,180,null-source
3,318,175,null-source
3,319,172,null-source
3,320,171,null-source
3,321,170,null-source
3,322,167,null-source
3,323,166,null-source
3,324,154,null-source
3,325,150,null-source
3,326,148,null-source
3,327,147,null-source
3,328,141,null-source
3,329,140,null-source
3,330,134,null-source
3,331,132,null-source
3,332,131,null-source
3,333,130,null-source
3,334,129,null-source
3,335,128,null-source
3,336,125,null-source
3,337,124,null-source
3,338,123,null-source
3,339,121,null-source
3,340,120,null-source
3,341,117,null-source
3,342,98,null-source
3,343,96,null-source
3,344,95,null-source
3,345,94,null-source
3,346,93,null-source
3,347,73,null-source
3,348,72,null-source
3,349,50,null-source
3,350,45,null-source
3,351,41,null-source
3,352,40,null-source
3,353,36,null-source
3,354,34,null-source
3,355,28,null-source
3,356,27,null-source
3,357,22,null-source
3,358,15,null-source
3,359,12,null-source
3,360,11,null-source
3,361,10,null-source
3,362,1,null-source
4,1,47,null-source
4,2,38,null-source
4,3,35,null-source
4,4,16,null-source
4,5,155,null-source
4,6,33,null-source
4,7,32,null-source
4,8,308,null-source
4,9,157,null-source
4,10,100,null-source
4,11,309,null-source
4,12,173,null-source
4,13,172,null-source
4,14,110,null-source
4,15,62,null-source
4,16,59,null-source
4,17,58,null-source
4,18,6,null-source
4,19,156,null-source
4,20,146,null-source
4,21,177,null-source
4,22,170,null-source
4,23,164,null-source
4,24,20,null-source
4,25,313,null-source
4,26,232,null-source
4,27,189,null-source
4,28,165,null-source
4,29,139,null-source
4,30,111,null-source
4,31,109,null-source
4,32,57,null-source
4,33,263,null-source
4,34,151,null-source
4,35,150,null-source
4,36,120,null-source
4,37,93,null-source
4,38,52,null-source
4,39,34,null-source
4,40,23,null-source
4,41,326,null-source
4,42,324,null-source
4,43,287,null-source
4,44,207,null-source
4,45,176,null-source
4,46,153,null-source
4,47,138,null-source
4,48,136,null-source
4,49,56,null-source
4,50,328,null-source
4,51,327,null-source
4,52,325,null-source
4,53,322,null-source
4,54,311,null-source
4,55,310,null-source
4,56,278,null-source
4,57,244,null-source
4,58,187,null-source
4,59,149,null-source
4,60,135,null-source
4,61,132,null-source
4,62,103,null-source
4,63,72,null-source
4,64,30,null-source
4,65,14,null-source
4,66,330,null-source
4,67,254,null-source
4,68,251,null-source
4,69,245,null-source
4,70,236,null-source
4,71,225,null-source
4,72,223,null-source
4,73,204,null-source
4,74,190,null-source
4,75,179,null-source
4,76,178,null-source
4,77,163,null-source
4,78,159,null-source
4,79,147,null-source
4,80,113,null-source
4,81,102,null-source
4,82,101,null-source
4,83,79,null-source
4,84,77,null-source
4,85,69,null-source
4,86,64,null-source
4,87,63,null-source
4,88,55,null-source
4,89,51,null-source
4,90,44,null-source
4,91,42,null-source
4,92,39,null-source
4,93,31,null-source
4,94,323,null-source
4,95,315,null-source
4,96,312,null-source
4,97,299,null-source
4,98,292,null-source
4,99,288,null-source
4,100,277,null-source
4,101,274,null-source
4,102,269,null-source
4,103,266,null-source
4,104,264,null-source
4,105,250,null-source
4,106,247,null-source
4,107,240,null-source
4,108,239,null-source
4,109,238,null-source
4,110,233,null-source
4,111,227,null-source
4,112,222,null-source
4,113,215,null-source
4,114,211,null-source
4,115,206,null-source
4,116,201,null-source
4,117,198,null-source
4,118,194,null-source
4,119,188,null-source
4,120,185,null-source
4,121,175,null-source
4,122,174,null-source
4,123,166,null-source
4,124,154,null-source
4,125,143,null-source
4,126,133,null-source
4,127,121,null-source
4,128,117,null-source
4,129,116,null-source
4,130,112,null-source
4,131,108,null-source
4,132,106,null-source
4,133,96,null-source
4,134,95,null-source
4,135,85,null-source
4,136,82,null-source
4,137,73,null-source
4,138,70,null-source
4,139,66,null-source
4,140,65,null-source
4,141,46,null-source
4,142,25,null-source
4,143,22,null-source
4,144,17,null-source
4,145,15,null-source
4,146,11,null-source
4,147,10,null-source
4,148,8,null-source
4,149,5,null-source
4,150,4,null-source
4,151,3,null-source
4,152,2,null-source
4,153,329,null-source
4,154,321,null-source
4,155,317,null-source
4,156,305,null-source
4,157,300,null-source
4,158,296,null-source
4,159,289,null-source
4,160,286,null-source
4,161,271,null-source
4,162,268,null-source
4,163,267,null-source
4,164,260,null-source
4,165,258,null-source
4,166,252,null-source
4,167,249,null-source
4,168,246,null-source
4,169,234,null-source
4,170,221,null-source
4,171,220,null-source
4,172,216,null-source
4,173,214,null-source
4,174,208,null-source
4,175,205,null-source
4,176,202,null-source
4,177,199,null-source
4,178,192,null-source
4,179,191,null-source
4,180,183,null-source
4,181,182,null-source
4,182,171,null-source
4,183,169,null-source
4,184,167,null-source
4,185,162,null-source
4,186,152,null-source
4,187,141,null-source
4,188,140,null-source
4,189,130,null-source
4,190,127,null-source
4,191,125,null-source
4,192,118,null-source
4,193,105,null-source
4,194,98,null-source
4,195,97,null-source
4,196,89,null-source
4,197,88,null-source
4,198,84,null-source
4,199,81,null-source
4,200,78,null-source
4,201,67,null-source
4,202,61,null-source
4,203,54,null-source
4,204,53,null-source
4,205,45,null-source
4,206,43,null-source
4,207,41,null-source
4,208,21,null-source
4,209,19,null-source
4,210,13,null-source
4,211,319,null-source
4,212,318,null-source
4,213,314,null-source
4,214,304,null-source
4,215,303,null-source
4,216,302,null-source
4,217,298,null-source
4,218,297,null-source
4,219,293,null-source
4,220,285,null-source
4,221,282,null-source
4,222,281,null-source
4,223,280,null-source
4,224,279,null-source
4,225,265,null-source
4,226,257,null-source
4,227,256,null-source
4,228,255,null-source
4,229,253,null-source
4,230,248,null-source
4,231,235,null-source
4,232,231,null-source
4,233,226,null-source
4,234,224,null-source
4,235,219,null-source
4,236,218,null-source
4,237,213,null-source
4,238,210,null-source
4,239,209,null-source
4,240,200,null-source
4,241,197,null-source
4,242,186,null-source
4,243,184,null-source
4,244,168,null-source
4,245,161,null-source
4,246,160,null-source
4,247,148,null-source
4,248,145,null-source
4,249,144,null-source
4,250,142,null-source
4,251,137,null-source
4,252,131,null-source
4,253,128,null-source
4,254,126,null-source
4,255,123,null-source
4,256,122,null-source
4,257,115,null-source
4,258,114,null-source
4,259,107,null-source
4,260,99,null-source
4,261,92,null-source
4,262,91,null-source
4,263,90,null-source
4,264,87,null-source
4,265,86,null-source
4,266,83,null-source
4,267,80,null-source
4,268,76,null-source
4,269,74,null-source
4,270,71,null-source
4,271,50,null-source
4,272,49,null-source
4,273,48,null-source
4,274,40,null-source
4,275,37,null-source
4,276,36,null-source
4,277,28,null-source
4,278,27,null-source
4,279,26,null-source
4,280,24,null-source
4,281,18,null-source
4,282,362,null-source
4,283,361,null-source
4,284,360,null-source
4,285,359,null-source
4,286,358,null-source
4,287,357,null-source
4,288,356,null-source
4,289,355,null-source
4,290,354,null-source
4,291,353,null-source
4,292,352,null-source
4,293,351,null-source
4,294,350,null-source
4,295,349,null-source
4,296,348,null-source
4,297,347,null-source
4,298,346,null-source
4,299,345,null-source
4,300,344,null-source
4,301,343,null-source
4,302,342,null-source
4,303,341,null-source
4,304,340,null-source
4,305,339,null-source
4,306,338,null-source
4,307,337,null-source
4,308,336,null-source
4,309,335,null-source
4,310,334,null-source
4,311,333,null-source
4,312,332,null-source
4,313,331,null-source
4,314,320,null-source
4,315,316,null-source
4,316,307,null-source
4,317,306,null-source
4,318,301,null-source
4,319,295,null-source
4,320,294,null-source
4,321,291,null-source
4,322,290,null-source
4,323,284,null-source
4,324,283,null-source
4,325,276,null-source
4,326,275,null-source
4,327,273,null-source
4,328,272,null-source
4,329,270,null-source
4,330,262,null-source
4,331,261,null-source
4,332,259,null-source
4,333,243,null-source
4,334,242,null-source
4,335,241,null-source
4,336,237,null-source
4,337,230,null-source
4,338,229,null-source
4,339,228,null-source
4,340,217,null-source
4,341,212,null-source
4,342,203,null-source
4,343,196,null-source
4,344,195,null-source
4,345,193,null-source
4,346,181,null-source
4,347,180,null-source
4,348,158,null-source
4,349,134,null-source
4,350,129,null-source
4,351,124,null-source
4,352,119,null-source
4,353,104,null-source
4,354,94,null-source
4,355,75,null-source
4,356,68,null-source
4,357,60,null-source
4,358,29,null-source
4,359,12,null-source
4,360,9,null-source
4,361,7,null-source
4,362,1,null-source
5,1,200,null-source
5,2,199,null-source
5,3,161,null-source
5,4,201,null-source
5,5,253,null-source
5,6,208,null-source
5,7,2,null-source
5,8,310,null-source
5,9,97,null-source
5,10,15,null-source
5,11,249,null-source
5,12,168,null-source
5,13,190,null-source
5,14,189,null-source
5,15,98,null-source
5,16,72,null-source
5,17,132,null-source
5,18,106,null-source
5,19,64,null-source
5,20,198,null-source
5,21,179,null-source
5,22,151,null-source
5,23,135,null-source
5,24,130,null-source
5,25,108,null-source
5,26,52,null-source
5,27,25,null-source
5,28,315,null-source
5,29,234,null-source
5,30,206,null-source
5,31,171,null-source
5,32,144,null-source
5,33,103,null-source
5,34,74,null-source
5,35,58,null-source
5,36,16,null-source
5,37,3,null-source
5,38,308,null-source
5,39,298,null-source
5,40,255,null-source
5,41,187,null-source
5,42,154,null-source
5,43,134,null-source
5,44,107,null-source
5,45,105,null-source
5,46,88,null-source
5,47,63,null-source
5,48,21,null-source
5,49,11,null-source
5,50,8,null-source
5,51,309,null-source
5,52,303,null-source
5,53,209,null-source
5,54,163,null-source
5,55,125,null-source
5,56,114,null-source
5,57,89,null-source
5,58,85,null-source
5,59,77,null-source
5,60,76,null-source
5,61,60,null-source
5,62,56,null-source
5,63,34,null-source
5,64,26,null-source
5,65,23,null-source
5,66,7,null-source
5,67,321,null-source
5,68,296,null-source
5,69,268,null-source
5,70,242,null-source
5,71,232,null-source
5,72,231,null-source
5,73,224,null-source
5,74,220,null-source
5,75,216,null-source
5,76,215,null-source
5,77,205,null-source
5,78,202,null-source
5,79,195,null-source
5,80,188,null-source
5,81,184,null-source
5,82,180,null-source
5,83,178,null-source
5,84,174,null-source
5,85,173,null-source
5,86,158,null-source
5,87,153,null-source
5,88,146,null-source
5,89,139,null-source
5,90,137,null-source
5,91,123,null-source
5,92,109,null-source
5,93,102,null-source
5,94,91,null-source
5,95,84,null-source
5,96,81,null-source
5,97,75,null-source
5,98,62,null-source
5,99,51,null-source
5,100,38,null-source
5,101,17,null-source
5,102,330,null-source
5,103,328,null-source
5,104,317,null-source
5,105,313,null-source
5,106,300,null-source
5,107,297,null-source
5,108,267,null-source
5,109,266,null-source
5,110,258,null-source
5,111,257,null-source
5,112,254,null-source
5,113,239,null-source
5,114,237,null-source
5,115,233,null-source
5,116,213,null-source
5,117,203,null-source
5,118,194,null-source
5,119,193,null-source
5,120,192,null-source
5,121,191,null-source
5,122,185,null-source
5,123,183,null-source
5,124,166,null-source
5,125,165,null-source
5,126,162,null-source
5,127,142,null-source
5,128,136,null-source
5,129,133,null-source
5,130,119,null-source
5,131,117,null-source
5,132,115,null-source
5,133,101,null-source
5,134,96,null-source
5,135,70,null-source
5,136,65,null-source
5,137,59,null-source
5,138,57,null-source
5,139,48,null-source
5,140,39,null-source
5,141,31,null-source
5,142,29,null-source
5,143,19,null-source
5,144,14,null-source
5,145,10,null-source
5,146,5,null-source
5,147,325,null-source
5,148,323,null-source
5,149,322,null-source
5,150,320,null-source
5,151,319,null-source
5,152,312,null-source
5,153,311,null-source
5,154,289,null-source
5,155,246,null-source
5,156,243,null-source
5,157,230,null-source
5,158,225,null-source
5,159,223,null-source
5,160,221,null-source
5,161,214,null-source
5,162,211,null-source
5,163,196,null-source
5,164,181,null-source
5,165,176,null-source
5,166,172,null-source
5,167,169,null-source
5,168,159,null-source
5,169,157,null-source
5,170,155,null-source
5,171,152,null-source
5,172,149,null-source
5,173,147,null-source
5,174,140,null-source
5,175,138,null-source
5,176,122,null-source
5,177,121,null-source
5,178,120,null-source
5,179,116,null-source
5,180,112,null-source
5,181,111,null-source
5,182,104,null-source
5,183,93,null-source
5,184,92,null-source
5,185,80,null-source
5,186,73,null-source
5,187,66,null-source
5,188,61,null-source
5,189,54,null-source
5,190,49,null-source
5,191,47,null-source
5,192,46,null-source
5,193,43,null-source
5,194,40,null-source
5,195,28,null-source
5,196,20,null-source
5,197,13,null-source
5,198,6,null-source
5,199,329,null-source
5,200,327,null-source
5,201,324,null-source
5,202,316,null-source
5,203,295,null-source
5,204,292,null-source
5,205,288,null-source
5,206,287,null-source
5,207,281,null-source
5,208,279,null-source
5,209,274,null-source
5,210,270,null-source
5,211,269,null-source
5,212,264,null-source
5,213,260,null-source
5,214,259,null-source
5,215,256,null-source
5,216,252,null-source
5,217,251,null-source
5,218,250,null-source
5,219,248,null-source
5,220,241,null-source
5,221,240,null-source
5,222,238,null-source
5,223,236,null-source
5,224,235,null-source
5,225,229,null-source
5,226,228,null-source
5,227,227,null-source
5,228,226,null-source
5,229,219,null-source
5,230,218,null-source
5,231,212,null-source
5,232,210,null-source
5,233,207,null-source
5,234,182,null-source
5,235,175,null-source
5,236,167,null-source
5,237,160,null-source
5,238,156,null-source
5,239,148,null-source
5,240,145,null-source
5,241,143,null-source
5,242,131,null-source
5,243,129,null-source
5,244,128,null-source
5,245,110,null-source
5,246,100,null-source
5,247,99,null-source
5,248,95,null-source
5,249,94,null-source
5,250,87,null-source
5,251,83,null-source
5,252,79,null-source
5,253,71,null-source
5,254,69,null-source
5,255,68,null-source
5,256,67,null-source
5,257,37,null-source
5,258,36,null-source
5,259,33,null-source
5,260,18,null-source
5,261,12,null-source
5,262,9,null-source
5,263,4,null-source
5,264,362,null-source
5,265,361,null-source
5,266,360,null-source
5,267,359,null-source
5,268,358,null-source
5,269,357,null-source
5,270,356,null-source
5,271,355,null-source
5,272,354,null-source
5,273,353,null-source
5,274,352,null-source
5,275,351,null-source
5,276,350,null-source
5,277,349,null-source
5,278,348,null-source
5,279,347,null-source
5,280,346,null-source
5,281,345,null-source
5,282,344,null-source
5,283,343,null-source
5,284,342,null-source
5,285,341,null-source
5,286,340,null-source
5,287,339,null-source
5,288,338,null-source
5,289,337,null-source
5,290,336,null-source
5,291,335,null-source
5,292,334,null-source
5,293,333,null-source
5,294,332,null-source
5,295,331,null-source
5,296,326,null-source
5,297,318,null-source
5,298,314,null-source
5,299,307,null-source
5,300,306,null-source
5,301,305,null-source
5,302,304,null-source
5,303,302,null-source
5,304,301,null-source
5,305,299,null-source
5,306,294,null-source
5,307,293,null-source
5,308,291,null-source
5,309,290,null-source
5,310,286,null-source
5,311,285,null-source
5,312,284,null-source
5,313,283,null-source
5,314,282,null-source
5,315,280,null-source
5,316,278,null-source
5,317,277,null-source
5,318,276,null-source
5,319,275,null-source
5,320,273,null-source
5,321,272,null-source
5,322,271,null-source
5,323,265,null-source
5,324,263,null-source
5,325,262,null-source
5,326,261,null-source
5,327,247,null-source
5,328,245,null-source
5,329,244,null-source
5,330,222,null-source
5,331,217,null-source
5,332,204,null-source
5,333,197,null-source
5,334,186,null-source
5,335,177,null-source
5,336,170,null-source
5,337,164,null-source
5,338,150,null-source
5,339,141,null-source
5,340,127,null-source
5,341,126,null-source
5,342,124,null-source
5,343,118,null-source
5,344,113,null-source
5,345,90,null-source
5,346,86,null-source
5,347,82,null-source
5,348,78,null-source
5,349,55,null-source
5,350,53,null-source
5,351,50,null-source
5,352,45,null-source
5,353,44,null-source
5,354,42,null-source
5,355,41,null-source
5,356,35,null-source
5,357,32,null-source
5,358,30,null-source
5,359,27,null-source
5,360,24,null-source
5,361,22,null-source
5,362,1,null-source
6,1,127,null-source
6,2,130,null-source
6,3,37,null-source
6,4,256,null-source
6,5,298,null-source
6,6,203,null-source
6,7,133,null-source
6,8,202,null-source
6,9,263,null-source
6,10,237,null-source
6,11,128,null-source
6,12,126,null-source
6,13,86,null-source
6,14,129,null-source
6,15,299,null-source
6,16,124,null-source
6,17,87,null-source
6,18,125,null-source
6,19,262,null-source
6,20,260,null-source
6,21,257,null-source
6,22,171,null-source
6,23,258,null-source
6,24,255,null-source
6,25,97,null-source
6,26,239,null-source
6,27,264,null-source
6,28,131,null-source
6,29,132,null-source
6,30,96,null-source
6,31,134,null-source
6,32,123,null-source
6,33,266,null-source
6,34,102,null-source
6,35,59,null-source
6,36,26,null-source
6,37,25,null-source
6,38,216,null-source
6,39,195,null-source
6,40,6,null-source
6,41,303,null-source
6,42,3,null-source
6,43,330,null-source
6,44,144,null-source
6,45,143,null-source
6,46,58,null-source
6,47,57,null-source
6,48,192,null-source
6,49,151,null-source
6,50,103,null-source
6,51,53,null-source
6,52,30,null-source
6,53,312,null-source
6,54,310,null-source
6,55,308,null-source
6,56,304,null-source
6,57,261,null-source
6,58,254,null-source
6,59,217,null-source
6,60,207,null-source
6,61,196,null-source
6,62,183,null-source
6,63,170,null-source
6,64,138,null-source
6,65,118,null-source
6,66,113,null-source
6,67,106,null-source
6,68,82,null-source
6,69,49,null-source
6,70,265,null-source
6,71,259,null-source
6,72,193,null-source
6,73,191,null-source
6,74,187,null-source
6,75,180,null-source
6,76,169,null-source
6,77,168,null-source
6,78,156,null-source
6,79,140,null-source
6,80,100,null-source
6,81,90,null-source
6,82,84,null-source
6,83,77,null-source
6,84,60,null-source
6,85,15,null-source
6,86,4,null-source
6,87,322,null-source
6,88,321,null-source
6,89,318,null-source
6,90,317,null-source
6,91,313,null-source
6,92,311,null-source
6,93,306,null-source
6,94,301,null-source
6,95,294,null-source
6,96,290,null-source
6,97,283,null-source
6,98,277,null-source
6,99,275,null-source
6,100,272,null-source
6,101,247,null-source
6,102,236,null-source
6,103,232,null-source
6,104,227,null-source
6,105,225,null-source
6,106,223,null-source
6,107,222,null-source
6,108,215,null-source
6,109,213,null-source
6,110,190,null-source
6,111,189,null-source
6,112,188,null-source
6,113,186,null-source
6,114,181,null-source
6,115,172,null-source
6,116,163,null-source
6,117,159,null-source
6,118,145,null-source
6,119,135,null-source
6,120,120,null-source
6,121,119,null-source
6,122,115,null-source
6,123,107,null-source
6,124,101,null-source
6,125,61,null-source
6,126,52,null-source
6,127,48,null-source
6,128,46,null-source
6,129,38,null-source
6,130,35,null-source
6,131,22,null-source
6,132,17,null-source
6,133,5,null-source
6,134,329,null-source
6,135,324,null-source
6,136,314,null-source
6,137,309,null-source
6,138,300,null-source
6,139,296,null-source
6,140,288,null-source
6,141,287,null-source
6,142,284,null-source
6,143,274,null-source
6,144,269,null-source
6,145,253,null-source
6,146,250,null-source
6,147,244,null-source
6,148,238,null-source
6,149,235,null-source
6,150,234,null-source
6,151,226,null-source
6,152,221,null-source
6,153,214,null-source
6,154,212,null-source
6,155,208,null-source
6,156,201,null-source
6,157,200,null-source
6,158,194,null-source
6,159,182,null-source
6,160,179,null-source
6,161,177,null-source
6,162,176,null-source
6,163,173,null-source
6,164,165,null-source
6,165,160,null-source
6,166,158,null-source
6,167,157,null-source
6,168,153,null-source
6,169,152,null-source
6,170,150,null-source
6,171,148,null-source
6,172,141,null-source
6,173,139,null-source
6,174,137,null-source
6,175,136,null-source
6,176,114,null-source
6,177,112,null-source
6,178,111,null-source
6,179,108,null-source
6,180,99,null-source
6,181,93,null-source
6,182,91,null-source
6,183,83,null-source
6,184,81,null-source
6,185,78,null-source
6,186,74,null-source
6,187,69,null-source
6,188,68,null-source
6,189,65,null-source
6,190,64,null-source
6,191,63,null-source
6,192,55,null-source
6,193,54,null-source
6,194,50,null-source
6,195,45,null-source
6,196,41,null-source
6,197,39,null-source
6,198,34,null-source
6,199,33,null-source
6,200,31,null-source
6,201,29,null-source
6,202,27,null-source
6,203,24,null-source
6,204,23,null-source
6,205,21,null-source
6,206,16,null-source
6,207,14,null-source
6,208,12,null-source
6,209,11,null-source
6,210,10,null-source
6,211,9,null-source
6,212,8,null-source
6,213,2,null-source
6,214,362,null-source
6,215,361,null-source
6,216,360,null-source
6,217,359,null-source
6,218,358,null-source
6,219,357,null-source
6,220,356,null-source
6,221,355,null-source
6,222,354,null-source
6,223,353,null-source
6,224,352,null-source
6,225,351,null-source
6,226,350,null-source
6,227,349,null-source
6,228,348,null-source
6,229,347,null-source
6,230,346,null-source
6,231,345,null-source
6,232,344,null-source
6,233,343,null-source
6,234,342,null-source
6,235,341,null-source
6,236,340,null-source
6,237,339,null-source
6,238,338,null-source
6,239,337,null-source
6,240,336,null-source
6,241,335,null-source
6,242,334,null-source
6,243,333,null-source
6,244,332,null-source
6,245,331,null-source
6,246,328,null-source
6,247,327,null-source
6,248,326,null-source
6,249,325,null-source
6,250,323,null-source
6,251,320,null-source
6,252,319,null-source
6,253,316,null-source
6,254,315,null-source
6,255,307,null-source
6,256,305,null-source
6,257,302,null-source
6,258,297,null-source
6,259,295,null-source
6,260,293,null-source
6,261,292,null-source
6,262,291,null-source
6,263,289,null-source
6,264,286,null-source
6,265,285,null-source
6,266,282,null-source
6,267,281,null-source
6,268,280,null-source
6,269,279,null-source
6,270,278,null-source
6,271,276,null-source
6,272,273,null-source
6,273,271,null-source
6,274,270,null-source
6,275,268,null-source
6,276,267,null-source
6,277,252,null-source
6,278,251,null-source
6,279,249,null-source
6,280,248,null-source
6,281,246,null-source
6,282,245,null-source
6,283,243,null-source
6,284,242,null-source
6,285,241,null-source
6,286,240,null-source
6,287,233,null-source
6,288,231,null-source
6,289,230,null-source
6,290,229,null-source
6,291,228,null-source
6,292,224,null-source
6,293,220,null-source
6,294,219,null-source
6,295,218,null-source
6,296,211,null-source
6,297,210,null-source
6,298,209,null-source
6,299,206,null-source
6,300,205,null-source
6,301,204,null-source
6,302,199,null-source
6,303,198,null-source
6,304,197,null-source
6,305,185,null-source
6,306,184,null-source
6,307,178,null-source
6,308,175,null-source
6,309,174,null-source
6,310,167,null-source
6,311,166,null-source
6,312,164,null-source
6,313,162,null-source
6,314,161,null-source
6,315,155,null-source
6,316,154,null-source
6,317,149,null-source
6,318,147,null-source
6,319,146,null-source
6,320,142,null-source
6,321,122,null-source
6,322,121,null-source
6,323,117,null-source
6,324,116,null-source
6,325,110,null-source
6,326,109,null-source
6,327,105,null-source
6,328,104,null-source
6,329,98,null-source
6,330,95,null-source
6,331,94,null-source
6,332,92,null-source
6,333,89,null-source
6,334,88,null-source
6,335,85,null-source
6,336,80,null-source
6,337,79,null-source
6,338,76,null-source
6,339,75,null-source
6,340,73,null-source
6,341,72,null-source
6,342,71,null-source
6,343,70,null-source
6,344,67,null-source
6,345,66,null-source
6,346,62,null-source
6,347,56,null-source
6,348,51,null-source
6,349,47,null-source
6,350,44,null-source
6,351,43,null-source
6,352,42,null-source
6,353,40,null-source
6,354,36,null-source
6,355,32,null-source
6,356,28,null-source
6,357,20,null-source
6,358,19,null-source
6,359,18,null-source
6,360,13,null-source
6,361,7,null-source
6,362,1,null-source
7,1,49,null-source
7,2,175,null-source
7,3,5,null-source
7,4,211,null-source
7,5,24,null-source
7,6,238,null-source
7,7,235,null-source
7,8,50,null-source
7,9,48,null-source
7,10,231,null-source
7,11,46,null-source
7,12,182,null-source
7,13,174,null-source
7,14,41,null-source
7,15,233,null-source
7,16,267,null-source
7,17,135,null-source
7,18,23,null-source
7,19,323,null-source
7,20,215,null-source
7,21,268,null-source
7,22,325,null-source
7,23,310,null-source
7,24,163,null-source
7,25,16,null-source
7,26,183,null-source
7,27,61,null-source
7,28,51,null-source
7,29,20,null-source
7,30,232,null-source
7,31,220,null-source
7,32,213,null-source
7,33,190,null-source
7,34,144,null-source
7,35,108,null-source
7,36,21,null-source
7,37,15,null-source
7,38,313,null-source
7,39,218,null-source
7,40,208,null-source
7,41,118,null-source
7,42,112,null-source
7,43,60,null-source
7,44,54,null-source
7,45,29,null-source
7,46,3,null-source
7,47,324,null-source
7,48,321,null-source
7,49,311,null-source
7,50,296,null-source
7,51,287,null-source
7,52,214,null-source
7,53,169,null-source
7,54,139,null-source
7,55,107,null-source
7,56,78,null-source
7,57,55,null-source
7,58,17,null-source
7,59,6,null-source
7,60,322,null-source
7,61,282,null-source
7,62,269,null-source
7,63,254,null-source
7,64,207,null-source
7,65,191,null-source
7,66,180,null-source
7,67,157,null-source
7,68,143,null-source
7,69,129,null-source
7,70,91,null-source
7,71,89,null-source
7,72,82,null-source
7,73,76,null-source
7,74,75,null-source
7,75,64,null-source
7,76,47,null-source
7,77,39,null-source
7,78,34,null-source
7,79,32,null-source
7,80,31,null-source
7,81,30,null-source
7,82,13,null-source
7,83,317,null-source
7,84,312,null-source
7,85,308,null-source
7,86,299,null-source
7,87,298,null-source
7,88,270,null-source
7,89,266,null-source
7,90,250,null-source
7,91,234,null-source
7,92,226,null-source
7,93,206,null-source
7,94,205,null-source
7,95,172,null-source
7,96,162,null-source
7,97,159,null-source
7,98,155,null-source
7,99,138,null-source
7,100,132,null-source
7,101,127,null-source
7,102,120,null-source
7,103,100,null-source
7,104,77,null-source
7,105,72,null-source
7,106,70,null-source
7,107,59,null-source
7,108,19,null-source
7,109,330,null-source
7,110,329,null-source
7,111,326,null-source
7,112,318,null-source
7,113,314,null-source
7,114,285,null-source
7,115,277,null-source
7,116,263,null-source
7,117,255,null-source
7,118,253,null-source
7,119,251,null-source
7,120,249,null-source
7,121,247,null-source
7,122,246,null-source
7,123,243,null-source
7,124,241,null-source
7,125,237,null-source
7,126,230,null-source
7,127,228,null-source
7,128,227,null-source
7,129,212,null-source
7,130,204,null-source
7,131,201,null-source
7,132,193,null-source
7,133,187,null-source
7,134,179,null-source
7,135,178,null-source
7,136,177,null-source
7,137,170,null-source
7,138,165,null-source
7,139,161,null-source
7,140,154,null-source
7,141,153,null-source
7,142,150,null-source
7,143,148,null-source
7,144,147,null-source
7,145,146,null-source
7,146,137,null-source
7,147,133,null-source
7,148,130,null-source
7,149,128,null-source
7,150,126,null-source
7,151,124,null-source
7,152,103,null-source
7,153,102,null-source
7,154,98,null-source
7,155,95,null-source
7,156,93,null-source
7,157,69,null-source
7,158,68,null-source
7,159,66,null-source
7,160,65,null-source
7,161,63,null-source
7,162,53,null-source
7,163,45,null-source
7,164,26,null-source
7,165,22,null-source
7,166,12,null-source
7,167,11,null-source
7,168,10,null-source
7,169,2,null-source
7,170,320,null-source
7,171,316,null-source
7,172,309,null-source
7,173,303,null-source
7,174,293,null-source
7,175,288,null-source
7,176,286,null-source
7,177,280,null-source
7,178,278,null-source
7,179,274,null-source
7,180,264,null-source
7,181,257,null-source
7,182,248,null-source
7,183,245,null-source
7,184,242,null-source
7,185,203,null-source
7,186,202,null-source
7,187,199,null-source
7,188,197,null-source
7,189,181,null-source
7,190,173,null-source
7,191,167,null-source
7,192,164,null-source
7,193,160,null-source
7,194,158,null-source
7,195,156,null-source
7,196,152,null-source
7,197,149,null-source
7,198,145,null-source
7,199,142,null-source
7,200,140,null-source
7,201,136,null-source
7,202,134,null-source
7,203,131,null-source
7,204,119,null-source
7,205,115,null-source
7,206,113,null-source
7,207,110,null-source
7,208,109,null-source
7,209,106,null-source
7,210,104,null-source
7,211,101,null-source
7,212,97,null-source
7,213,96,null-source
7,214,92,null-source
7,215,90,null-source
7,216,86,null-source
7,217,81,null-source
7,218,79,null-source
7,219,73,null-source
7,220,71,null-source
7,221,62,null-source
7,222,57,null-source
7,223,56,null-source
7,224,52,null-source
7,225,44,null-source
7,226,43,null-source
7,227,42,null-source
7,228,40,null-source
7,229,36,null-source
7,230,35,null-source
7,231,33,null-source
7,232,28,null-source
7,233,27,null-source
7,234,14,null-source
7,235,9,null-source
7,236,7,null-source
7,237,4,null-source
7,238,362,null-source
7,239,361,null-source
7,240,360,null-source
7,241,359,null-source
7,242,358,null-source
7,243,357,null-source
7,244,356,null-source
7,245,355,null-source
7,246,354,null-source
7,247,353,null-source
7,248,352,null-source
7,249,351,null-source
7,250,350,null-source
7,251,349,null-source
7,252,348,null-source
7,253,347,null-source
7,254,346,null-source
7,255,345,null-source
7,256,344,null-source
7,257,343,null-source
7,258,342,null-source
7,259,341,null-source
7,260,340,null-source
7,261,339,null-source
7,262,338,null-source
7,263,337,null-source
7,264,336,null-source
7,265,335,null-source
7,266,334,null-source
7,267,333,null-source
7,268,332,null-source
7,269,331,null-source
7,270,328,null-source
7,271,327,null-source
7,272,319,null-source
7,273,315,null-source
7,274,307,null-source
7,275,306,null-source
7,276,305,null-source
7,277,304,null-source
7,278,302,null-source
7,279,301,null-source
7,280,300,null-source
7,281,297,null-source
7,282,295,null-source
7,283,294,null-source
7,284,292,null-source
7,285,291,null-source
7,286,290,null-source
7,287,289,null-source
7,288,284,null-source
7,289,283,null-source
7,290,281,null-source
7,291,279,null-source
7,292,276,null-source
7,293,275,null-source
7,294,273,null-source
7,295,272,null-source
7,296,271,null-source
7,297,265,null-source
7,298,262,null-source
7,299,261,null-source
7,300,260,null-source
7,301,259,null-source
7,302,258,null-source
7,303,256,null-source
7,304,252,null-source
7,305,244,null-source
7,306,240,null-source
7,307,239,null-source
7,308,236,null-source
7,309,229,null-source
7,310,225,null-source
7,311,224,null-source
7,312,223,null-source
7,313,222,null-source
7,314,221,null-source
7,315,219,null-source
7,316,217,null-source
7,317,216,null-source
7,318,210,null-source
7,319,209,null-source
7,320,200,null-source
7,321,198,null-source
7,322,196,null-source
7,323,195,null-source
7,324,194,null-source
7,325,192,null-source
7,326,189,null-source
7,327,188,null-source
7,328,186,null-source
7,329,185,null-source
7,330,184,null-source
7,331,176,null-source
7,332,171,null-source
7,333,168,null-source
7,334,166,null-source
7,335,151,null-source
7,336,141,null-source
7,337,125,null-source
7,338,123,null-source
7,339,122,null-source
7,340,121,null-source
7,341,117,null-source
7,342,116,null-source
7,343,114,null-source
7,344,111,null-source
7,345,105,null-source
7,346,99,null-source
7,347,94,null-source
7,348,88,null-source
7,349,87,null-source
7,350,85,null-source
7,351,84,null-source
7,352,83,null-source
7,353,80,null-source
7,354,74,null-source
7,355,67,null-source
7,356,58,null-source
7,357,38,null-source
7,358,37,null-source
7,359,25,null-source
7,360,18,null-source
7,361,8,null-source
7,362,1,null-source
8,1,39,null-source
8,2,40,null-source
8,3,243,null-source
8,4,43,null-source
8,5,194,null-source
8,6,249,null-source
8,7,56,null-source
8,8,324,null-source
8,9,236,null-source
8,10,72,null-source
8,11,213,null-source
8,12,288,null-source
8,13,242,null-source
8,14,183,null-source
8,15,63,null-source
8,16,197,null-source
8,17,250,null-source
8,18,240,null-source
8,19,286,null-source
8,20,152,null-source
8,21,64,null-source
8,22,277,null-source
8,23,209,null-source
8,24,58,null-source
8,25,45,null-source
8,26,30,null-source
8,27,317,null-source
8,28,162,null-source
8,29,95,null-source
8,30,68,null-source
8,31,2,null-source
8,32,218,null-source
8,33,215,null-source
8,34,179,null-source
8,35,172,null-source
8,36,138,null-source
8,37,74,null-source
8,38,66,null-source
8,39,309,null-source
8,40,285,null-source
8,41,266,null-source
8,42,204,null-source
8,43,177,null-source
8,44,145,null-source
8,45,100,null-source
8,46,59,null-source
8,47,49,null-source
8,48,47,null-source
8,49,31,null-source
8,50,6,null-source
8,51,4,null-source
8,52,3,null-source
8,53,312,null-source
8,54,291,null-source
8,55,287,null-source
8,56,280,null-source
8,57,278,null-source
8,58,273,null-source
8,59,182,null-source
8,60,163,null-source
8,61,147,null-source
8,62,119,null-source
8,63,118,null-source
8,64,105,null-source
8,65,91,null-source
8,66,85,null-source
8,67,77,null-source
8,68,54,null-source
8,69,32,null-source
8,70,14,null-source
8,71,13,null-source
8,72,311,null-source
8,73,310,null-source
8,74,307,null-source
8,75,302,null-source
8,76,295,null-source
8,77,284,null-source
8,78,276,null-source
8,79,245,null-source
8,80,244,null-source
8,81,223,null-source
8,82,211,null-source
8,83,210,null-source
8,84,207,null-source
8,85,202,null-source
8,86,198,null-source
8,87,190,null-source
8,88,188,null-source
8,89,185,null-source
8,90,168,null-source
8,91,156,null-source
8,92,151,null-source
8,93,112,null-source
8,94,97,null-source
8,95,46,null-source
8,96,38,null-source
8,97,37,null-source
8,98,34,null-source
8,99,29,null-source
8,100,330,null-source
8,101,326,null-source
8,102,320,null-source
8,103,316,null-source
8,104,315,null-source
8,105,313,null-source
8,106,308,null-source
8,107,298,null-source
8,108,270,null-source
8,109,255,null-source
8,110,231,null-source
8,111,212,null-source
8,112,208,null-source
8,113,201,null-source
8,114,189,null-source
8,115,180,null-source
8,116,175,null-source
8,117,164,null-source
8,118,158,null-source
8,119,154,null-source
8,120,149,null-source
8,121,137,null-source
8,122,135,null-source
8,123,128,null-source
8,124,92,null-source
8,125,88,null-source
8,126,73,null-source
8,127,61,null-source
8,128,57,null-source
8,129,55,null-source
8,130,51,null-source
8,131,26,null-source
8,132,8,null-source
8,133,7,null-source
8,134,325,null-source
8,135,321,null-source
8,136,318,null-source
8,137,305,null-source
8,138,300,null-source
8,139,299,null-source
8,140,292,null-source
8,141,268,null-source
8,142,267,null-source
8,143,264,null-source
8,144,262,null-source
8,145,258,null-source
8,146,256,null-source
8,147,251,null-source
8,148,246,null-source
8,149,241,null-source
8,150,233,null-source
8,151,224,null-source
8,152,220,null-source
8,153,217,null-source
8,154,199,null-source
8,155,192,null-source
8,156,187,null-source
8,157,186,null-source
8,158,184,null-source
8,159,176,null-source
8,160,174,null-source
8,161,155,null-source
8,162,153,null-source
8,163,144,null-source
8,164,140,null-source
8,165,132,null-source
8,166,131,null-source
8,167,127,null-source
8,168,126,null-source
8,169,113,null-source
8,170,102,null-source
8,171,78,null-source
8,172,62,null-source
8,173,53,null-source
8,174,50,null-source
8,175,48,null-source
8,176,42,null-source
8,177,41,null-source
8,178,35,null-source
8,179,33,null-source
8,180,25,null-source
8,181,24,null-source
8,182,22,null-source
8,183,21,null-source
8,184,16,null-source
8,185,328,null-source
8,186,323,null-source
8,187,304,null-source
8,188,293,null-source
8,189,279,null-source
8,190,274,null-source
8,191,257,null-source
8,192,253,null-source
8,193,239,null-source
8,194,238,null-source
8,195,235,null-source
8,196,234,null-source
8,197,230,null-source
8,198,226,null-source
8,199,222,null-source
8,200,221,null-source
8,201,219,null-source
8,202,214,null-source
8,203,206,null-source
8,204,205,null-source
8,205,200,null-source
8,206,181,null-source
8,207,178,null-source
8,208,170,null-source
8,209,165,null-source
8,210,159,null-source
8,211,157,null-source
8,212,150,null-source
8,213,148,null-source
8,214,146,null-source
8,215,143,null-source
8,216,141,null-source
8,217,139,null-source
8,218,130,null-source
8,219,125,null-source
8,220,123,null-source
8,221,120,null-source
8,222,116,null-source
8,223,115,null-source
8,224,114,null-source
8,225,111,null-source
8,226,110,null-source
8,227,109,null-source
8,228,108,null-source
8,229,107,null-source
8,230,106,null-source
8,231,104,null-source
8,232,103,null-source
8,233,101,null-source
8,234,99,null-source
8,235,98,null-source
8,236,96,null-source
8,237,94,null-source
8,238,89,null-source
8,239,86,null-source
8,240,84,null-source
8,241,82,null-source
8,242,81,null-source
8,243,79,null-source
8,244,76,null-source
8,245,75,null-source
8,246,71,null-source
8,247,69,null-source
8,248,67,null-source
8,249,65,null-source
8,250,60,null-source
8,251,52,null-source
8,252,36,null-source
8,253,20,null-source
8,254,19,null-source
8,255,18,null-source
8,256,10,null-source
8,257,5,null-source
8,258,362,null-source
8,259,361,null-source
8,260,360,null-source
8,261,359,null-source
8,262,358,null-source
8,263,357,null-source
8,264,356,null-source
8,265,355,null-source
8,266,354,null-source
8,267,353,null-source
8,268,352,null-source
8,269,351,null-source
8,270,350,null-source
8,271,349,null-source
8,272,348,null-source
8,273,347,null-source
8,274,346,null-source
8,275,345,null-source
8,276,344,null-source
8,277,343,null-source
8,278,342,null-source
8,279,341,null-source
8,280,340,null-source
8,281,339,null-source
8,282,338,null-source
8,283,337,null-source
8,284,336,null-source
8,285,335,null-source
8,286,334,null-source
8,287,333,null-source
8,288,332,null-source
8,289,331,null-source
8,290,329,null-source
8,291,327,null-source
8,292,322,null-source
8,293,319,null-source
8,294,314,null-source
8,295,306,null-source
8,296,303,null-source
8,297,301,null-source
8,298,297,null-source
8,299,296,null-source
8,300,294,null-source
8,301,290,null-source
8,302,289,null-source
8,303,283,null-source
8,304,282,null-source
8,305,281,null-source
8,306,275,null-source
8,307,272,null-source
8,308,271,null-source
8,309,269,null-source
8,310,265,null-source
8,311,263,null-source
8,312,261,null-source
8,313,260,null-source
8,314,259,null-source
8,315,254,null-source
8,316,252,null-source
8,317,248,null-source
8,318,247,null-source
8,319,237,null-source
8,320,232,null-source
8,321,229,null-source
8,322,228,null-source
8,323,227,null-source
8,324,225,null-source
8,325,216,null-source
8,326,203,null-source
8,327,196,null-source
8,328,195,null-source
8,329,193,null-source
8,330,191,null-source
8,331,173,null-source
8,332,171,null-source
8,333,169,null-source
8,334,167,null-source
8,335,166,null-source
8,336,161,null-source
8,337,160,null-source
8,338,142,null-source
8,339,136,null-source
8,340,134,null-source
8,341,133,null-source
8,342,129,null-source
8,343,124,null-source
8,344,122,null-source
8,345,121,null-source
8,346,117,null-source
8,347,93,null-source
8,348,90,null-source
8,349,87,null-source
8,350,83,null-source
8,351,80,null-source
8,352,70,null-source
8,353,44,null-source
8,354,28,null-source
8,355,27,null-source
8,356,23,null-source
8,357,17,null-source
8,358,15,null-source
8,359,12,null-source
8,360,11,null-source
8,361,9,null-source
8,362,1,null-source
9,1,329,null-source
9,2,322,null-source
9,3,222,null-source
9,4,224,null-source
9,5,221,null-source
9,6,234,null-source
9,7,225,null-source
9,8,210,null-source
9,9,198,null-source
9,10,317,null-source
9,11,226,null-source
9,12,223,null-source
9,13,220,null-source
9,14,314,null-source
9,15,227,null-source
9,16,204,null-source
9,17,107,null-source
9,18,296,null-source
9,19,244,null-source
9,20,214,null-source
9,21,212,null-source
9,22,219,null-source
9,23,207,null-source
9,24,188,null-source
9,25,186,null-source
9,26,328,null-source
9,27,218,null-source
9,28,145,null-source
9,29,268,null-source
9,30,267,null-source
9,31,206,null-source
9,32,205,null-source
9,33,141,null-source
9,34,245,null-source
9,35,325,null-source
9,36,313,null-source
9,37,269,null-source
9,38,330,null-source
9,39,308,null-source
9,40,228,null-source
9,41,61,null-source
9,42,311,null-source
9,43,151,null-source
9,44,146,null-source
9,45,326,null-source
9,46,323,null-source
9,47,233,null-source
9,48,182,null-source
9,49,97,null-source
9,50,21,null-source
9,51,19,null-source
9,52,180,null-source
9,53,238,null-source
9,54,235,null-source
9,55,232,null-source
9,56,138,null-source
9,57,119,null-source
9,58,96,null-source
9,59,135,null-source
9,60,64,null-source
9,61,2,null-source
9,62,297,null-source
9,63,230,null-source
9,64,102,null-source
9,65,92,null-source
9,66,63,null-source
9,67,62,null-source
9,68,51,null-source
9,69,44,null-source
9,70,42,null-source
9,71,15,null-source
9,72,324,null-source
9,73,254,null-source
9,74,213,null-source
9,75,183,null-source
9,76,173,null-source
9,77,157,null-source
9,78,155,null-source
9,79,144,null-source
9,80,112,null-source
9,81,108,null-source
9,82,106,null-source
9,83,103,null-source
9,84,91,null-source
9,85,66,null-source
9,86,23,null-source
9,87,310,null-source
9,88,309,null-source
9,89,289,null-source
9,90,288,null-source
9,91,286,null-source
9,92,274,null-source
9,93,271,null-source
9,94,241,null-source
9,95,179,null-source
9,96,176,null-source
9,97,174,null-source
9,98,164,null-source
9,99,162,null-source
9,100,143,null-source
9,101,137,null-source
9,102,132,null-source
9,103,130,null-source
9,104,118,null-source
9,105,109,null-source
9,106,105,null-source
9,107,104,null-source
9,108,98,null-source
9,109,95,null-source
9,110,94,null-source
9,111,90,null-source
9,112,87,null-source
9,113,84,null-source
9,114,78,null-source
9,115,72,null-source
9,116,68,null-source
9,117,53,null-source
9,118,49,null-source
9,119,48,null-source
9,120,45,null-source
9,121,43,null-source
9,122,25,null-source
9,123,24,null-source
9,124,10,null-source
9,125,327,null-source
9,126,321,null-source
9,127,318,null-source
9,128,316,null-source
9,129,312,null-source
9,130,300,null-source
9,131,299,null-source
9,132,292,null-source
9,133,282,null-source
9,134,281,null-source
9,135,270,null-source
9,136,266,null-source
9,137,263,null-source
9,138,256,null-source
9,139,255,null-source
9,140,249,null-source
9,141,231,null-source
9,142,215,null-source
9,143,209,null-source
9,144,208,null-source
9,145,202,null-source
9,146,201,null-source
9,147,197,null-source
9,148,194,null-source
9,149,190,null-source
9,150,187,null-source
9,151,185,null-source
9,152,184,null-source
9,153,178,null-source
9,154,172,null-source
9,155,171,null-source
9,156,170,null-source
9,157,168,null-source
9,158,163,null-source
9,159,156,null-source
9,160,149,null-source
9,161,142,null-source
9,162,139,null-source
9,163,129,null-source
9,164,125,null-source
9,165,117,null-source
9,166,115,null-source
9,167,114,null-source
9,168,111,null-source
9,169,100,null-source
9,170,93,null-source
9,171,89,null-source
9,172,88,null-source
9,173,86,null-source
9,174,79,null-source
9,175,76,null-source
9,176,73,null-source
9,177,67,null-source
9,178,60,null-source
9,179,59,null-source
9,180,58,null-source
9,181,56,null-source
9,182,52,null-source
9,183,50,null-source
9,184,47,null-source
9,185,41,null-source
9,186,40,null-source
9,187,39,null-source
9,188,38,null-source
9,189,36,null-source
9,190,34,null-source
9,191,32,null-source
9,192,31,null-source
9,193,29,null-source
9,194,22,null-source
9,195,17,null-source
9,196,16,null-source
9,197,7,null-source
9,198,6,null-source
9,199,362,null-source
9,200,361,null-source
9,201,360,null-source
9,202,359,null-source
9,203,358,null-source
9,204,357,null-source
9,205,356,null-source
9,206,355,null-source
9,207,354,null-source
9,208,353,null-source
9,209,352,null-source
9,210,351,null-source
9,211,350,null-source
9,212,349,null-source
9,213,348,null-source
9,214,347,null-source
9,215,346,null-source
9,216,345,null-source
9,217,344,null-source
9,218,343,null-source
9,219,342,null-source
9,220,341,null-source
9,221,340,null-source
9,222,339,null-source
9,223,338,null-source
9,224,337,null-source
9,225,336,null-source
9,226,335,null-source
9,227,334,null-source
9,228,333,null-source
9,229,332,null-source
9,230,331,null-source
9,231,320,null-source
9,232,319,null-source
9,233,315,null-source
9,234,307,null-source
9,235,306,null-source
9,236,305,null-source
9,237,304,null-source
9,238,303,null-source
9,239,302,null-source
9,240,301,null-source
9,241,298,null-source
9,242,295,null-source
9,243,294,null-source
9,244,293,null-source
9,245,291,null-source
9,246,290,null-source
9,247,287,null-source
9,248,285,null-source
9,249,284,null-source
9,250,283,null-source
9,251,280,null-source
9,252,279,null-source
9,253,278,null-source
9,254,277,null-source
9,255,276,null-source
9,256,275,null-source
9,257,273,null-source
9,258,272,null-source
9,259,265,null-source
9,260,264,null-source
9,261,262,null-source
9,262,261,null-source
9,263,260,null-source
9,264,259,null-source
9,265,258,null-source
9,266,257,null-source
9,267,253,null-source
9,268,252,null-source
9,269,251,null-source
9,270,250,null-source
9,271,248,null-source
9,272,247,null-source
9,273,246,null-source
9,274,243,null-source
9,275,242,null-source
9,276,240,null-source
9,277,239,null-source
9,278,237,null-source
9,279,236,null-source
9,280,229,null-source
9,281,217,null-source
9,282,216,null-source
9,283,211,null-source
9,284,203,null-source
9,285,200,null-source
9,286,199,null-source
9,287,196,null-source
9,288,195,null-source
9,289,193,null-source
9,290,192,null-source
9,291,191,null-source
9,292,189,null-source
9,293,181,null-source
9,294,177,null-source
9,295,175,null-source
9,296,169,null-source
9,297,167,null-source
9,298,166,null-source
9,299,165,null-source
9,300,161,null-source
9,301,160,null-source
9,302,159,null-source
9,303,158,null-source
9,304,154,null-source
9,305,153,null-source
9,306,152,null-source
9,307,150,null-source
9,308,148,null-source
9,309,147,null-source
9,310,140,null-source
9,311,136,null-source
9,312,134,null-source
9,313,133,null-source
9,314,131,null-source
9,315,128,null-source
9,316,127,null-source
9,317,126,null-source
9,318,124,null-source
9,319,123,null-source
9,320,122,null-source
9,321,121,null-source
9,322,120,null-source
9,323,116,null-source
9,324,113,null-source
9,325,110,null-source
9,326,101,null-source
9,327,99,null-source
9,328,85,null-source
9,329,83,null-source
9,330,82,null-source
9,331,81,null-source
9,332,80,null-source
9,333,77,null-source
9,334,75,null-source
9,335,74,null-source
9,336,71,null-source
9,337,70,null-source
9,338,69,null-source
9,339,65,null-source
9,340,57,null-source
9,341,55,null-source
9,342,54,null-source
9,343,46,null-source
9,344,37,null-source
9,345,35,null-source
9,346,33,null-source
9,347,30,null-source
9,348,28,null-source
9,349,27,null-source
9,350,26,null-source
9,351,20,null-source
9,352,18,null-source
9,353,14,null-source
9,354,13,null-source
9,355,12,null-source
9,356,11,null-source
9,357,9,null-source
9,358,8,null-source
9,359,5,null-source
9,360,4,null-source
9,361,3,null-source
9,362,1,null-source
10,1,184,null-source
10,2,185,null-source
10,3,181,null-source
10,4,154,null-source
10,5,168,null-source
10,6,146,null-source
10,7,135,null-source
10,8,170,null-source
10,9,54,null-source
10,10,169,null-source
10,11,149,null-source
10,12,179,null-source
10,13,157,null-source
10,14,147,null-source
10,15,163,null-source
10,16,92,null-source
10,17,88,null-source
10,18,144,null-source
10,19,106,null-source
10,20,15,null-source
10,21,26,null-source
10,22,55,null-source
10,23,25,null-source
10,24,108,null-source
10,25,109,null-source
10,26,119,null-source
10,27,325,null-source
10,28,183,null-source
10,29,131,null-source
10,30,246,null-source
10,31,209,null-source
10,32,180,null-source
10,33,118,null-source
10,34,30,null-source
10,35,2,null-source
10,36,308,null-source
10,37,288,null-source
10,38,287,null-source
10,39,240,null-source
10,40,204,null-source
10,41,190,null-source
10,42,187,null-source
10,43,176,null-source
10,44,164,null-source
10,45,158,null-source
10,46,103,null-source
10,47,66,null-source
10,48,64,null-source
10,49,57,null-source
10,50,24,null-source
10,51,326,null-source
10,52,311,null-source
10,53,309,null-source
10,54,266,null-source
10,55,249,null-source
10,56,220,null-source
10,57,206,null-source
10,58,137,null-source
10,59,113,null-source
10,60,112,null-source
10,61,77,null-source
10,62,73,null-source
10,63,68,null-source
10,64,48,null-source
10,65,34,null-source
10,66,14,null-source
10,67,8,null-source
10,68,7,null-source
10,69,263,null-source
10,70,242,null-source
10,71,241,null-source
10,72,225,null-source
10,73,197,null-source
10,74,177,null-source
10,75,172,null-source
10,76,156,null-source
10,77,150,null-source
10,78,141,null-source
10,79,105,null-source
10,80,91,null-source
10,81,79,null-source
10,82,78,null-source
10,83,74,null-source
10,84,65,null-source
10,85,58,null-source
10,86,56,null-source
10,87,11,null-source
10,88,10,null-source
10,89,330,null-source
10,90,322,null-source
10,91,317,null-source
10,92,300,null-source
10,93,289,null-source
10,94,282,null-source
10,95,253,null-source
10,96,247,null-source
10,97,243,null-source
10,98,234,null-source
10,99,224,null-source
10,100,221,null-source
10,101,213,null-source
10,102,207,null-source
10,103,205,null-source
10,104,192,null-source
10,105,182,null-source
10,106,145,null-source
10,107,139,null-source
10,108,132,null-source
10,109,123,null-source
10,110,121,null-source
10,111,98,null-source
10,112,96,null-source
10,113,93,null-source
10,114,84,null-source
10,115,75,null-source
10,116,70,null-source
10,117,62,null-source
10,118,61,null-source
10,119,60,null-source
10,120,53,null-source
10,121,47,null-source
10,122,42,null-source
10,123,41,null-source
10,124,38,null-source
10,125,33,null-source
10,126,29,null-source
10,127,22,null-source
10,128,16,null-source
10,129,328,null-source
10,130,321,null-source
10,131,320,null-source
10,132,318,null-source
10,133,304,null-source
10,134,298,null-source
10,135,293,null-source
10,136,280,null-source
10,137,277,null-source
10,138,270,null-source
10,139,269,null-source
10,140,268,null-source
10,141,256,null-source
10,142,245,null-source
10,143,244,null-source
10,144,238,null-source
10,145,233,null-source
10,146,228,null-source
10,147,226,null-source
10,148,223,null-source
10,149,219,null-source
10,150,217,null-source
10,151,215,null-source
10,152,214,null-source
10,153,212,null-source
10,154,210,null-source
10,155,208,null-source
10,156,202,null-source
10,157,199,null-source
10,158,198,null-source
10,159,196,null-source
10,160,195,null-source
10,161,194,null-source
10,162,189,null-source
10,163,186,null-source
10,164,173,null-source
10,165,166,null-source
10,166,162,null-source
10,167,161,null-source
10,168,152,null-source
10,169,148,null-source
10,170,142,null-source
10,171,138,null-source
10,172,136,null-source
10,173,134,null-source
10,174,130,null-source
10,175,125,null-source
10,176,124,null-source
10,177,114,null-source
10,178,110,null-source
10,179,97,null-source
10,180,90,null-source
10,181,86,null-source
10,182,82,null-source
10,183,81,null-source
10,184,72,null-source
10,185,63,null-source
10,186,50,null-source
10,187,49,null-source
10,188,46,null-source
10,189,44,null-source
10,190,35,null-source
10,191,27,null-source
10,192,19,null-source
10,193,3,null-source
10,194,329,null-source
10,195,327,null-source
10,196,324,null-source
10,197,316,null-source
10,198,315,null-source
10,199,314,null-source
10,200,313,null-source
10,201,312,null-source
10,202,310,null-source
10,203,306,null-source
10,204,305,null-source
10,205,297,null-source
10,206,296,null-source
10,207,294,null-source
10,208,290,null-source
10,209,283,null-source
10,210,279,null-source
10,211,275,null-source
10,212,274,null-source
10,213,272,null-source
10,214,271,null-source
10,215,262,null-source
10,216,255,null-source
10,217,254,null-source
10,218,251,null-source
10,219,239,null-source
10,220,237,null-source
10,221,236,null-source
10,222,232,null-source
10,223,231,null-source
10,224,230,null-source
10,225,227,null-source
10,226,218,null-source
10,227,203,null-source
10,228,200,null-source
10,229,191,null-source
10,230,188,null-source
10,231,178,null-source
10,232,174,null-source
10,233,171,null-source
10,234,165,null-source
10,235,159,null-source
10,236,155,null-source
10,237,151,null-source
10,238,127,null-source
10,239,126,null-source
10,240,120,null-source
10,241,117,null-source
10,242,116,null-source
10,243,107,null-source
10,244,100,null-source
10,245,95,null-source
10,246,89,null-source
10,247,85,null-source
10,248,76,null-source
10,249,69,null-source
10,250,67,null-source
10,251,59,null-source
10,252,52,null-source
10,253,51,null-source
10,254,43,null-source
10,255,40,null-source
10,256,37,null-source
10,257,31,null-source
10,258,23,null-source
10,259,21,null-source
10,260,20,null-source
10,261,13,null-source
10,262,5,null-source
10,263,362,null-source
10,264,361,null-source
10,265,360,null-source
10,266,359,null-source
10,267,358,null-source
10,268,357,null-source
10,269,356,null-source
10,270,355,null-source
10,271,354,null-source
10,272,353,null-source
10,273,352,null-source
10,274,351,null-source
10,275,350,null-source
10,276,349,null-source
10,277,348,null-source
10,278,347,null-source
10,279,346,null-source
10,280,345,null-source
10,281,344,null-source
10,282,343,null-source
10,283,342,null-source
10,284,341,null-source
10,285,340,null-source
10,286,339,null-source
10,287,338,null-source
10,288,337,null-source
10,289,336,null-source
10,290,335,null-source
10,291,334,null-source
10,292,333,null-source
10,293,332,null-source
10,294,331,null-source
10,295,323,null-source
10,296,319,null-source
10,297,307,null-source
10,298,303,null-source
10,299,302,null-source
10,300,301,null-source
10,301,299,null-source
10,302,295,null-source
10,303,292,null-source
10,304,291,null-source
10,305,286,null-source
10,306,285,null-source
10,307,284,null-source
10,308,281,null-source
10,309,278,null-source
10,310,276,null-source
10,311,273,null-source
10,312,267,null-source
10,313,265,null-source
10,314,264,null-source
10,315,261,null-source
10,316,260,null-source
10,317,259,null-source
10,318,258,null-source
10,319,257,null-source
10,320,252,null-source
10,321,250,null-source
10,322,248,null-source
10,323,235,null-source
10,324,229,null-source
10,325,222,null-source
10,326,216,null-source
10,327,211,null-source
10,328,201,null-source
10,329,193,null-source
10,330,175,null-source
10,331,167,null-source
10,332,160,null-source
10,333,153,null-source
10,334,143,null-source
10,335,140,null-source
10,336,133,null-source
10,337,129,null-source
10,338,128,null-source
10,339,122,null-source
10,340,115,null-source
10,341,111,null-source
10,342,104,null-source
10,343,102,null-source
10,344,101,null-source
10,345,99,null-source
10,346,94,null-source
10,347,87,null-source
10,348,83,null-source
10,349,80,null-source
10,350,71,null-source
10,351,45,null-source
10,352,39,null-source
10,353,36,null-source
10,354,32,null-source
10,355,28,null-source
10,356,18,null-source
10,357,17,null-source
10,358,12,null-source
10,359,9,null-source
10,360,6,null-source
10,361,4,null-source
10,362,1,null-source
